"userId","testItems"
"4","26718 5457 33538 10465 72"
"5","1269 2762 10 1060 32202"
"8","8134 14470 19014 30851 72"
"9","30287 18351 15994 5425 27629"
"13","29640 29875 36076 19462 11745"
"18","1448 18741 8877 24547 17207"
"19","33143 36535 4269 13651 33173"
"23","33562 30610 11592 36285 34027"
"26","13069 24256 28592 3783 10936"
"29","24217 31496 1041 19270 7716"
"31","17126 22010 35251 10963 12786"
"32","25987 15112 19578 2270 35515"
"33","1102 27082 4069 26844 11412"
"35","36350 457 22731 34685 12028"
"37","26550 27731 16016 28431 35480"
"51","20941 24547 23336 27352 28750"
"52","28294 21388 8376 31484 11557"
"53","17925 4708 23282 30053 26394"
"54","25952 37118 8840 23799 35622"
"61","36748 4037 2454 22265 320"
"64","15973 8216 33266 31107 32287"
"69","19977 12530 29408 2764 31311"
"76","36163 6942 8772 14115 26338"
"78","35300 35626 3694 385 5732"
"79","10734 2134 18984 7087 25799"
"85","21388 8376 31484 17645 876"
"89","21157 14029 30308 34829 32951"
"92","18351 15994 29866 31046 3755"
"93","14738 4554 33628 6450 37056"
"95","32692 11806 10123 7876 21899"
"100","20532 12535 4223 11133 11554"
"104","7371 672 10598 37027 37015"
"105","17782 32793 27233 30215 34011"
"109","16004 31484 21388 8376 5419"
"110","30539 30609 2192 10976 22787"
"111","12866 20955 28199 16451 22579"
"112","30053 35378 199 19072 14532"
"122","16451 2041 23949 10094 21604"
"126","1304 7168 24362 25967 16421"
"131","27152 19494 14648 28477 30603"
"132","14644 17555 34081 36904 20922"
"136","21412 12102 17648 20083 6151"
"140","22104 35378 199 25304 22970"
"144","20083 6322 27499 25988 21385"
"145","18439 31345 25777 13040 1656"
"146","21412 8394 35626 3694 385"
"151","36705 35775 16278 4357 7586"
"152","7971 22092 29355 26605 31556"
"155","25598 35218 26513 10727 26077"
"156","14738 33628 4554 4922 27761"
"160","12693 16278 4357 7586 36238"
"162","22888 17866 27719 7943 25831"
"164","16313 28246 4173 12456 25735"
"165","8173 31887 35218 1556 35132"
"166","1073 7019 21796 15747 25679"
"169","19523 19427 3272 22433 29623"
"173","3584 16659 23081 9576 10410"
"179","31341 37065 2623 2561 20959"
"184","15994 18351 16155 32463 17761"
"185","29885 473 15959 18301 12556"
"186","30265 23949 31601 8336 20955"
"187","17364 34706 6588 6521 2455"
"189","29673 22727 31992 16278 4357"
"190","4966 14063 30201 11131 12458"
"191","28516 13397 12478 711 11028"
"197","20920 14588 23005 9290 17000"
"205","12362 35738 2030 27726 33870"
"208","23453 20040 11097 2928 18407"
"209","8912 34975 27083 36193 12031"
"217","35218 1556 35132 20156 25598"
"218","13069 24256 28592 3783 10936"
"222","33215 14063 4966 16491 18170"
"223","13173 16766 17067 9997 10133"
"234","20941 8216 33266 6623 11752"
"240","17658 15263 33443 6707 36868"
"246","33693 34762 20867 9987 30157"
"247","34762 10334 15221 26283 3811"
"250","4140 33389 33473 22466 14814"
"257","7274 32674 35481 35809 29019"
"258","21725 16278 4357 7586 36238"
"268","6753 17859 12890 26247 30196"
"269","32802 10087 5591 31819 21649"
"270","25050 15625 20651 9307 28340"
"274","21884 34685 12028 3077 21505"
"278","36583 12635 35583 31428 15971"
"281","1076 15743 34595 24547 1873"
"288","15888 14013 16920 18176 36587"
"294","35473 11731 11927 30722 29584"
"296","18741 12594 17644 26744 33215"
"299","15 28204 85 2250 2243"
"301","11806 32692 10123 36354 31091"
"308","17383 18200 5732 1548 35626"
"310","17321 17794 10944 6741 4107"
"312","5054 22012 14550 20237 15829"
"314","19523 19427 32903 29623 19563"
"318","21403 27460 17862 11411 10700"
"321","29642 29650 27477 21245 11529"
"326","28347 10461 2193 404 22229"
"327","17301 6641 37066 30008 30261"
"333","16825 5039 1534 20634 35688"
"336","23341 14807 538 13763 1402"
"337","10196 34698 598 11107 14111"
"339","29046 31341 21495 2623 11042"
"344","16001 10460 11487 17570 10903"
"350","14063 4966 29521 36718 30616"
"353","18351 15994 31046 3755 2563"
"355","18755 23843 13963 18437 618"
"359","33757 31129 5253 1294 5839"
"361","7274 32674 35481 35809 29019"
"364","35046 17778 25134 2406 7624"
"365","19322 16107 22579 14227 33961"
"374","20941 33266 15973 2049 9233"
"375","2911 35300 8233 2464 29019"
"376","33215 33048 30830 17641 34358"
"378","17011 18063 17756 27753 10278"
"379","6842 21947 8506 25317 15798"
"380","8476 34685 12028 21884 7704"
"383","35626 3694 385 5732 1548"
"385","16314 22007 34421 10480 30370"
"388","31484 21388 8376 5419 3494"
"390","21725 16278 4357 7586 36238"
"393","33215 17936 2442 5644 366"
"399","15973 8216 5494 21818 33266"
"401","26147 28761 15108 11868 23788"
"405","27083 34975 8912 25529 23833"
"412","29885 473 15959 12556 24819"
"413","20955 1076 15743 16451 13726"
"415","21614 13833 18948 21486 11836"
"418","17041 36535 33143 30137 15656"
"431","19426 34762 15221 10334 5457"
"433","11758 25938 11624 32287 31107"
"441","199 35378 28224 22970 13281"
"443","15973 8216 32483 12093 30870"
"445","1397 31341 26621 21495 29046"
"449","8032 17417 6814 20345 33384"
"456","4885 3273 13985 16452 23938"
"458","25967 3283 9736 20055 23831"
"459","11927 30722 1115 4092 22400"
"463","27569 14786 11701 5951 27647"
"466","18351 15994 29866 31046 3755"
"477","26983 26147 36552 11868 20941"
"478","28966 28203 14317 22003 33175"
"481","12347 30428 30810 5290 28946"
"487","25936 11989 35158 16278 4357"
"488","26474 14934 1992 4367 17437"
"491","5834 17833 15932 24918 9949"
"494","23184 9740 1710 33829 33758"
"503","5884 33215 27736 35100 29383"
"504","11397 11964 15732 26399 22649"
"508","6320 30244 31100 6884 24589"
"509","17067 18088 34751 20139 9997"
"510","31428 12635 35583 15971 12667"
"511","30234 13017 16278 4357 7586"
"516","5578 17782 33215 33048 17641"
"524","16278 4357 7586 36238 30555"
"527","15743 17648 32019 1448 20083"
"531","30504 4655 20083 21385 1548"
"532","30168 23833 11648 4374 28437"
"541","37124 30059 8724 12186 9489"
"542","14738 11927 30722 1115 22400"
"543","21388 31484 8376 24653 5419"
"549","13257 9333 33509 28152 6860"
"551","23336 16803 33215 34602 16687"
"559","19159 28021 33136 12528 19465"
"565","10108 8085 6606 28306 26593"
"568","19523 19427 29623 19563 2821"
"569","17207 29046 31341 9237 8376"
"572","4475 33215 33048 17641 31202"
"582","23453 30391 20040 11097 2928"
"589","8912 34975 27083 23833 32287"
"590","23336 16803 33215 16687 34602"
"592","3224 21000 28819 2196 1118"
"595","26718 5457 33538 10465 72"
"599","8134 17925 4708 28151 19014"
"600","3067 1489 12456 34790 25735"
"603","14118 20256 6627 3515 36663"
"605","15973 11927 30722 8216 1115"
"606","31107 32287 14372 30438 17780"
"615","24974 5945 30130 8898 17126"
"616","19887 1316 31450 20398 12558"
"617","36122 9519 30609 2192 10976"
"621","27271 3433 2101 29283 12057"
"632","22224 29199 27248 31078 27263"
"643","31830 17881 32105 35344 7467"
"646","1162 32403 31709 6588 6795"
"651","9922 26462 22509 4215 20937"
"652","4228 24488 21299 25187 5508"
"653","25626 32937 31648 30803 24942"
"654","11415 11689 1629 19830 7345"
"658","6365 13403 7250 2882 13502"
"659","26549 32311 18946 25908 16965"
"663","31341 29046 37065 21495 2623"
"665","11989 30234 13017 16278 4357"
"673","20301 29387 4635 6161 11168"
"675","11927 30722 26621 31341 30697"
"680","32674 7274 35809 35481 29019"
"681","17925 4708 28151 10701 26394"
"684","17383 33475 30622 2712 30019"
"691","19683 5681 16278 4357 7586"
"696","33838 10708 3069 16743 18545"
"700","8810 4381 14118 8376 21388"
"705","22029 15449 3584 4374 13094"
"706","29019 33214 7689 2144 4895"
"710","29019 33214 7689 2144 11111"
"712","1076 17648 1448 32019 37065"
"713","37065 29046 2623 31341 26621"
"715","28877 20972 22103 22340 28605"
"717","33672 6022 21035 32083 25248"
"722","36748 4037 2454 22265 320"
"725","5847 16836 13222 36315 8155"
"729","26518 12321 10091 23926 24387"
"733","21899 8958 13215 30339 27717"
"739","19516 24231 18383 26445 7414"
"741","15743 23949 33475 17383 17648"
"744","16446 17132 14837 24187 27591"
"747","8216 20941 15973 29640 19462"
"750","33215 6263 33048 17641 31202"
"757","13068 34685 12028 21884 17082"
"759","33755 199 35378 32636 12524"
"761","20495 35626 3694 385 5732"
"773","32690 29905 15111 250 16914"
"777","31316 36230 15790 23593 30707"
"780","14055 24547 28992 4357 30555"
"782","9233 2049 13651 28946 36907"
"784","4282 5457 72 14148 15179"
"787","29046 2623 31341 26621 37065"
"788","33215 33048 30830 17641 34358"
"789","9902 27258 8912 30503 34975"
"791","17414 21785 21534 35470 35366"
"792","2829 20947 24356 17938 4618"
"796","6623 25134 35046 17778 2406"
"801","33391 20798 31932 25050 32883"
"806","12941 24416 696 14148 15179"
"808","36338 17023 22706 7279 11677"
"810","10859 15241 31061 27343 27302"
"813","32879 21818 29673 18351 15994"
"816","25860 21399 30997 4009 6321"
"820","4425 21871 17454 5583 6118"
"826","7951 13715 30578 21704 27886"
"827","603 36748 4037 30156 19931"
"828","29394 15885 26256 18704 7990"
"831","14800 26566 35179 28848 13011"
"833","22904 1480 22770 36840 8660"
"834","12556 22312 26712 4198 34448"
"835","36535 33143 15656 7133 2884"
"839","13257 1267 15983 36338 22606"
"850","16076 19419 3783 10936 8245"
"852","28966 8099 4885 16452 13985"
"853","10305 23341 14807 538 13763"
"854","9576 10410 6871 2675 31825"
"857","25626 9489 26718 5457 35470"
"862","26621 29046 31444 12091 21495"
"867","17383 33475 35626 3694 385"
"869","16920 6151 14013 18176 30168"
"873","18946 1548 35626 3694 16965"
"874","18527 17602 1961 12569 18433"
"879","32793 17502 30215 4240 27233"
"883","22649 26399 6220 36387 29640"
"884","18383 7414 17187 18753 17254"
"886","7274 8759 35481 35809 29019"
"888","1659 13522 11927 30722 36452"
"890","25752 19917 5045 20594 15753"
"899","2854 1544 30170 30493 19710"
"900","15743 26473 17648 2143 4966"
"905","14020 1548 35626 3694 5732"
"907","28294 16653 9764 8269 4871"
"908","17893 28634 8562 17827 27210"
"909","28224 22970 35651 34903 22836"
"916","3943 10470 6842 21947 25317"
"919","11806 32692 10123 7876 31091"
"926","22465 3426 5373 30033 34285"
"927","1304 7168 24362 21116 30053"
"929","26688 16521 19576 32611 21758"
"937","23015 16278 4357 7586 36238"
"942","16278 4357 7586 36238 34568"
"944","31526 16278 4357 7586 36238"
"946","6365 13403 7250 2882 15309"
"947","25657 14976 9489 26718 5457"
"949","15241 27343 31061 27302 9864"
"956","1617 164 3180 34153 29737"
"958","15771 17702 1051 601 28760"
"961","31924 8424 21164 6623 27257"
"968","16278 4357 7586 36238 17396"
"969","27952 26761 6606 28306 26593"
"972","25752 19917 5045 20594 15753"
"977","22000 15 28204 22 33024"
"978","8810 4381 18035 31484 21388"
"979","17383 18200 1548 35626 3694"
"982","21388 8376 31484 2522 5419"
"983","21667 29529 21113 3567 21035"
"987","30339 15423 8648 8958 18955"
"990","31542 7168 13241 8357 13027"
"1005","9489 15179 26718 35366 31487"
"1010","29640 19462 11975 36953 27143"
"1011","14105 19523 19427 16611 17451"
"1014","31341 26621 29046 2623 37065"
"1016","19523 19427 29623 19563 2821"
"1017","8415 30280 1338 22012 15829"
"1033","8912 34975 27083 12031 9851"
"1043","19408 9105 33475 32777 23261"
"1044","18562 14001 5457 72 14148"
"1046","1402 23341 14807 538 13763"
"1055","24547 17207 21884 12028 34685"
"1060","15534 18480 35091 30317 11790"
"1061","14174 28083 4455 29555 29258"
"1067","28602 10954 23116 31427 501"
"1068","21127 18810 29556 8266 19"
"1076","34324 16772 11806 32692 10123"
"1077","25050 17782 15625 16278 4357"
"1084","26147 11868 28761 2909 32744"
"1097","29413 26705 3719 12222 36663"
"1102","23453 20040 11097 2928 18079"
"1107","13214 1141 26247 15136 17859"
"1110","7250 2882 6365 13403 31924"
"1112","31506 2176 28817 21561 29282"
"1113","23647 12602 1518 9555 24042"
"1114","31090 18516 16399 32672 21556"
"1117","23453 3826 28876 21216 6588"
"1118","23336 13530 11806 32692 10123"
"1121","9766 25481 23831 30548 8853"
"1122","33215 33048 30830 17641 34358"
"1128","11994 21399 30997 25134 4009"
"1135","35622 37118 8840 36501 23799"
"1136","33562 30610 11592 36285 34027"
"1137","13502 32674 7274 7974 17190"
"1144","5283 1102 27082 4069 26844"
"1145","22346 31557 13838 22000 5983"
"1146","19523 19427 26024 29623 19563"
"1148","19426 16803 35218 33215 35132"
"1151","12187 32573 18516 16399 32672"
"1152","12866 13502 2041 1518 975"
"1157","35218 1556 35132 20156 25598"
"1159","30938 10098 31932 27072 18108"
"1161","15845 32914 4557 32281 36918"
"1163","30595 34850 13422 212 28018"
"1165","19127 22976 13173 32674 7274"
"1173","33051 5457 72 14148 15179"
"1175","4357 30555 30234 13017 36238"
"1177","21388 23453 31484 8376 20673"
"1178","29848 28289 5290 12456 17702"
"1180","26397 5579 25598 35218 26513"
"1181","21412 8394 5732 1548 35626"
"1184","2424 3783 10936 24987 27901"
"1189","18948 13833 21614 3291 31090"
"1190","14404 24427 18946 16965 26549"
"1193","9194 10425 34173 24637 4734"
"1201","30265 13574 12523 31601 35294"
"1204","5494 13903 15674 29673 4123"
"1205","21459 10755 16782 1677 22102"
"1218","35300 385 1548 35626 3694"
"1222","24762 15634 33406 36805 12720"
"1224","15207 11237 8772 14115 26338"
"1229","14762 34685 12028 21884 21910"
"1233","6516 20799 3783 10936 8245"
"1235","9489 26718 5457 35470 10465"
"1236","11758 19718 12102 28966 26729"
"1238","22399 34610 20215 10005 18585"
"1240","3958 19543 14111 213 23731"
"1249","30234 13017 16278 4357 7586"
"1256","28771 3783 10936 24987 8245"
"1263","11582 17585 22482 15306 8878"
"1264","30360 27761 16818 4922 34980"
"1279","10149 23213 7406 34638 27530"
"1280","36868 18553 9816 4531 3149"
"1282","28263 19597 1267 30825 22294"
"1289","36599 17821 19683 34642 19014"
"1291","25636 30493 30417 24343 20825"
"1292","29556 21127 18810 34862 8266"
"1297","10016 30354 6960 9630 15732"
"1298","30008 6641 37066 14056 17786"
"1314","4064 10446 27930 15194 14605"
"1316","5866 21796 24070 4739 15300"
"1322","2125 32789 12211 8772 22534"
"1327","17925 23282 10701 26394 3012"
"1333","24089 37118 8840 23799 35622"
"1334","21495 29046 37065 31341 26621"
"1335","9730 23540 22570 8912 34975"
"1336","26462 16278 4357 7586 36238"
"1343","16782 1677 10755 26459 5231"
"1345","35065 23951 30493 12170 30417"
"1346","12102 8394 35626 3694 385"
"1348","88 11707 33215 4966 14063"
"1356","17023 22706 22509 13683 33148"
"1361","28982 6328 12122 26741 10574"
"1365","12535 20532 6365 2882 7250"
"1373","9237 31484 21388 8376 17193"
"1378","4885 3273 11806 32692 16452"
"1379","19523 19427 29623 2821 9655"
"1387","32591 23188 14762 21884 12028"
"1391","5457 72 14148 15179 17414"
"1405","21719 3789 31954 18558 9489"
"1406","14020 5732 1548 35626 3694"
"1408","5494 21818 29673 6111 4731"
"1416","12748 34685 12028 21884 17149"
"1417","13530 26718 5457 33538 10465"
"1418","18351 15994 3259 29866 31046"
"1420","6365 7250 13403 2882 17782"
"1423","30141 15585 4574 3830 27777"
"1426","25952 32403 33567 31709 30476"
"1428","1102 4069 11412 18463 15547"
"1431","35327 33708 9604 33211 20081"
"1433","6872 15241 1102 36294 18463"
"1436","10149 4527 34638 26718 29640"
"1438","14020 1548 35626 3694 5732"
"1444","25136 18704 5211 15593 18057"
"1445","21840 7933 35789 19664 24336"
"1447","34129 24002 35577 4195 34900"
"1452","30539 2192 30107 16574 20873"
"1453","17659 9827 36716 3191 19605"
"1463","36663 35345 2822 20547 72"
"1470","32353 18351 15994 31046 3755"
"1473","32012 33634 8005 29028 28306"
"1474","663 10803 22609 20518 36714"
"1476","23951 24343 30493 12170 30417"
"1481","29046 88 18063 21495 37065"
"1484","19523 19427 29623 19563 2821"
"1486","17925 23282 26394 18678 11156"
"1487","26621 2623 1397 31341 21495"
"1493","34790 9381 20301 29317 7063"
"1501","5457 72 14148 15179 17414"
"1502","14185 5598 8049 35146 30838"
"1503","35626 3694 385 5732 1548"
"1506","1294 5839 3460 31995 27679"
"1508","1076 15743 1448 32019 24974"
"1509","29673 32793 35300 22727 31992"
"1510","4475 10123 6560 32692 11806"
"1511","14118 20256 6627 36663 3515"
"1516","23056 18453 32038 4099 36324"
"1527","22029 15449 4374 13094 4532"
"1528","21388 31484 8376 24653 5419"
"1538","6588 31709 6521 2455 32403"
"1547","28867 31616 14212 23056 26419"
"1551","21406 20611 17067 33915 9997"
"1555","1617 13284 31830 17881 32105"
"1560","21443 1646 21430 28333 32453"
"1564","17383 33475 15769 16278 4357"
"1572","31750 27952 26761 4480 16534"
"1576","29355 31556 26605 6365 13403"
"1577","16168 16167 23703 988 31026"
"1578","25967 1793 34504 3283 9736"
"1587","25939 14988 12102 21412 6365"
"1588","10461 2193 31034 22229 11668"
"1606","17756 2675 88 18063 10278"
"1607","17925 4708 28151 10701 26394"
"1617","13508 26671 13531 35401 30060"
"1620","28294 17955 4036 31632 9758"
"1624","6365 7250 13403 2882 13502"
"1626","19887 31450 20398 1316 17254"
"1627","30234 13017 16278 4357 7586"
"1635","17782 12594 17644 26744 33215"
"1636","9725 30334 33715 28731 8155"
"1637","36878 2271 1568 3769 3712"
"1638","31057 21884 385 35626 12028"
"1641","21025 2061 15198 29544 9939"
"1642","37124 27271 12186 12946 30168"
"1643","7451 16394 36238 30555 33838"
"1644","22649 26399 6220 29640 29875"
"1645","38 22865 6775 21626 9754"
"1647","17067 9997 6828 18088 10133"
"1648","19523 19427 23706 11296 758"
"1649","29640 19462 11975 36953 27143"
"1657","24825 27124 11411 5977 1092"
"1658","8109 15674 33595 6642 36692"
"1661","15616 34901 36513 22336 36978"
"1663","27995 5592 7074 28351 22348"
"1664","33215 199 35378 31616 6263"
"1667","10098 31788 18108 6560 34835"
"1670","15108 23788 20955 13726 16451"
"1675","17207 32793 30366 4221 22329"
"1681","26718 5457 33538 10465 72"
"1684","6588 6795 2455 33567 6010"
"1685","15994 18351 17761 34853 23718"
"1686","19523 19427 29623 2821 9655"
"1693","2167 2191 98 35346 10677"
"1696","15743 17648 32019 1448 26191"
"1699","2041 20955 16451 13726 27635"
"1707","35486 7876 6343 13886 32768"
"1713","1267 30825 1103 16524 16076"
"1719","6893 27360 24259 11395 29392"
"1723","12587 31512 14029 35328 18720"
"1726","16814 30806 32917 33592 21746"
"1727","26984 23143 10700 11411 5977"
"1728","19426 16803 33215 33439 34602"
"1734","26621 29046 37065 21495 2623"
"1739","36716 3191 17659 19605 9827"
"1740","31484 21388 8376 20877 17193"
"1750","1548 35626 3694 5732 385"
"1756","23188 32591 36248 16803 12667"
"1757","20609 10243 34440 21546 32488"
"1760","199 35378 28224 22970 10366"
"1761","21425 6563 22469 36308 26260"
"1764","23239 26247 15136 17859 12890"
"1765","16278 4357 7586 36238 17396"
"1766","10261 31676 28602 7008 30379"
"1767","19462 36953 17719 32093 12551"
"1768","34901 15616 36513 26401 3017"
"1773","199 35378 28224 22970 10366"
"1782","4410 17911 176 27698 17067"
"1785","7716 20080 9485 30040 34572"
"1786","28294 16653 4130 9764 29870"
"1787","24547 19907 21388 33215 8376"
"1788","26473 19917 20594 25752 5045"
"1789","21412 12102 33815 20947 22001"
"1792","23184 9740 1710 33829 33758"
"1796","4620 24130 34102 15066 21627"
"1800","16004 21388 8376 31484 8510"
"1803","36238 34568 7010 36181 35904"
"1804","8900 25598 35218 26513 10727"
"1805","18603 27242 6641 37066 29408"
"1806","1402 23341 14807 538 13763"
"1807","10452 2134 21399 30997 4009"
"1808","14119 12295 35218 35132 25598"
"1812","36487 33153 4352 93 3996"
"1813","16825 8133 15797 26405 27635"
"1816","33912 16451 10831 23949 28919"
"1818","29640 29875 36076 19462 11745"
"1820","14372 15721 17911 29551 12284"
"1823","35300 1548 35626 3694 5732"
"1827","1076 17648 1448 32019 20083"
"1829","27083 34975 8912 2033 13500"
"1833","33051 19646 15763 17633 33142"
"1845","9512 2065 2067 4614 5616"
"1857","12866 10454 2464 8233 8962"
"1858","10685 18393 7464 15198 29544"
"1862","12654 26549 32311 25908 10202"
"1866","20917 13844 26398 12175 9590"
"1874","17067 16554 14751 26149 34191"
"1875","7971 22092 10099 1573 5439"
"1876","23580 36663 14777 37124 26462"
"1879","18301 11984 34000 35943 34717"
"1881","16782 1677 10755 18269 26459"
"1883","2004 5579 26397 35218 1556"
"1885","11408 29730 1102 4069 11412"
"1888","31887 29800 33215 8912 26549"
"1898","17067 18088 34751 20139 9997"
"1899","16087 35832 20774 559 10700"
"1900","33424 14063 4966 26247 15136"
"1901","36850 7053 31020 21027 6081"
"1906","6365 2882 7250 13403 102"
"1910","27047 15198 29544 9939 18337"
"1911","27635 23309 36559 29078 21649"
"1918","36552 6744 17597 36663 30839"
"1919","17597 12222 23580 36663 30839"
"1920","14738 8877 16511 26407 29640"
"1933","11592 4735 21299 7961 3783"
"1935","3993 9239 17198 1181 30674"
"1936","15224 11415 1629 29598 2255"
"1938","32019 17648 1076 15743 20083"
"1940","18351 15994 35513 16891 29866"
"1941","4410 1619 25253 7503 34662"
"1943","2068 31136 32447 11296 10103"
"1944","18597 16834 36868 3785 18553"
"1945","5864 16560 14264 22329 30366"
"1947","2640 16290 36233 1822 7321"
"1948","23336 21910 16803 14762 34685"
"1950","34685 12028 21884 36811 6296"
"1952","2049 9233 28946 13651 36907"
"1954","8146 32591 36248 14734 12667"
"1955","2167 27744 10677 31885 12667"
"1956","9922 26462 7657 17033 27036"
"1957","8555 32972 11411 10700 11530"
"1963","15973 25454 11481 10482 8216"
"1964","22787 9271 34593 19642 35036"
"1976","1375 3922 28763 33812 35426"
"1977","7484 10915 29019 33214 2144"
"1978","13594 36748 4037 6666 26117"
"1981","15634 1060 32202 28202 15760"
"1985","10356 15447 17570 10123 36530"
"1986","21388 31484 33215 8376 17645"
"1991","9233 2049 13651 28946 29413"
"1993","16659 22552 6365 13403 7250"
"1999","5734 4709 5457 22888 72"
"2007","5732 1548 35626 3694 385"
"2009","34685 12028 21884 35158 24019"
"2011","17781 16345 33298 6365 13403"
"2013","4966 14063 19462 36953 17719"
"2017","25626 9489 26718 5457 35470"
"2020","28572 27173 28124 10296 15043"
"2027","19709 22202 5420 34271 22938"
"2028","14246 23501 13280 36156 22579"
"2037","8488 31646 21818 12570 14105"
"2040","25598 35218 26513 10727 26077"
"2041","28966 35503 4410 16047 4788"
"2042","34762 25134 35046 17778 2406"
"2045","28867 23581 2712 29690 10523"
"2051","12866 35300 8233 2464 29019"
"2052","26718 5457 33538 10465 72"
"2053","19426 10769 34602 23951 6365"
"2054","21830 7199 6588 31709 6521"
"2058","2049 9233 28946 13651 36907"
"2060","13886 15188 5588 28539 18639"
"2061","4614 9503 8138 6807 8812"
"2066","15743 17648 24547 17463 282"
"2072","12362 35738 2030 27726 33870"
"2073","11989 30234 13017 16278 4357"
"2080","28397 30230 23341 14807 538"
"2081","31223 30672 8295 16278 4357"
"2084","8759 32674 10625 34799 4120"
"2086","22435 25227 33253 29912 15407"
"2090","16782 1677 10755 18269 7439"
"2091","23336 16803 28750 33215 16687"
"2095","13028 15194 14605 27930 23267"
"2097","29966 24705 22357 29276 22680"
"2106","28294 16653 9764 8269 4871"
"2108","4244 8846 35811 35739 34610"
"2117","14738 33628 4554 6450 4922"
"2119","13332 36551 1613 11479 15650"
"2121","12362 35738 27726 2030 33870"
"2124","104 25752 5045 20594 19917"
"2129","6286 11982 16020 13928 3016"
"2130","34685 12028 21884 3077 21505"
"2132","10490 1174 4120 15607 367"
"2133","29046 26621 21495 2623 2561"
"2135","20413 33826 16864 15907 4995"
"2136","25627 1102 11412 36294 18463"
"2137","30008 6641 37066 14634 15687"
"2146","30104 22693 185 2440 3246"
"2147","31644 4378 28227 15178 6499"
"2149","29640 23323 25289 19462 19977"
"2155","3584 2143 9607 17893 9933"
"2156","34246 10942 33051 408 5618"
"2157","16278 4357 7586 36238 30555"
"2164","29413 7167 2783 34691 36197"
"2167","20917 13844 12175 9590 26398"
"2168","21388 31484 8376 5905 24653"
"2179","31433 21590 17664 8336 14063"
"2182","8146 6249 19739 8724 27679"
"2186","4922 14839 3818 30360 3456"
"2195","12170 30417 24343 30493 16758"
"2202","3224 21000 22482 2196 1118"
"2212","23545 11629 22010 35251 24155"
"2227","21635 21899 8958 13215 30339"
"2236","10217 6588 33567 6010 12591"
"2244","22888 17866 27719 9730 26312"
"2247","13651 33173 2049 8772 14115"
"2248","13425 28866 23047 2545 162"
"2254","18337 15198 29544 9939 3376"
"2257","2049 9233 29676 9061 3294"
"2261","9833 27227 20310 28013 4425"
"2263","25939 14988 4171 20953 14209"
"2265","30267 27971 28150 9556 32245"
"2268","21561 11806 32692 10123 7876"
"2270","8724 30053 33605 33477 25527"
"2272","199 35378 36238 34568 28961"
"2273","7838 33260 33597 27248 31078"
"2274","9424 16333 27444 29644 36663"
"2280","30360 5861 23137 14738 6450"
"2285","12170 30417 24343 30493 16758"
"2287","21388 8376 31484 5419 24653"
"2290","34901 15616 36513 16820 36978"
"2298","15241 31177 31061 27302 9864"
"2305","25444 26549 32311 18946 25908"
"2306","30156 26601 25379 15509 23018"
"2312","13315 6002 25598 35218 26513"
"2313","15743 1076 32019 1448 8394"
"2319","4102 28152 28415 7415 4896"
"2320","14174 28083 3250 1562 14537"
"2324","29019 33214 7689 2144 4895"
"2326","21561 13709 32103 1722 30856"
"2330","30493 12170 30417 24343 16758"
"2338","35626 3694 385 5732 1548"
"2341","11836 25456 22378 26761 27952"
"2345","2869 27583 17435 36820 4599"
"2346","12587 16825 31512 5947 2567"
"2347","4064 11264 27930 15194 14605"
"2351","26658 4357 30555 2157 17851"
"2352","23336 16803 33215 34602 16687"
"2357","14372 3681 31831 27248 27263"
"2360","8810 26509 28152 4381 6682"
"2361","33266 15973 23951 18200 9290"
"2366","35300 1548 35626 3694 5732"
"2368","10924 8005 29028 4632 34875"
"2369","15769 16278 4357 7586 36238"
"2374","16451 2041 23949 19001 2049"
"2379","18740 5669 25134 35046 17778"
"2388","7480 25830 25844 25136 7272"
"2394","25599 33029 23886 31848 27020"
"2397","35401 15198 29544 18337 9939"
"2398","9233 13651 28946 9930 36907"
"2399","10573 8216 25988 10067 10123"
"2403","24471 19242 26718 10465 33538"
"2404","10461 827 36315 35052 17160"
"2407","6988 18348 7343 15814 16903"
"2409","36162 17524 11570 25920 22976"
"2410","6334 31924 23281 26549 32311"
"2414","10936 3783 8245 27901 24987"
"2421","17149 23595 16364 7003 11420"
"2426","17893 8912 34975 27083 598"
"2428","18897 17067 10376 31557 22000"
"2435","20959 6365 13403 7250 2882"
"2442","3584 11989 16278 4357 7586"
"2448","10147 14526 17058 21987 17735"
"2449","11417 30494 25458 34171 2295"
"2452","17064 10490 1174 4120 15607"
"2455","12594 26744 33215 3224 19865"
"2466","28513 29805 8284 25536 28523"
"2467","3551 5612 11415 11689 1629"
"2472","30493 12170 30417 24343 16758"
"2474","30141 15585 4574 3830 4122"
"2480","5578 33215 33048 31202 6184"
"2489","9978 10936 24054 18678 11156"
"2496","33838 10708 3069 16743 18545"
"2500","36663 12222 20084 31557 22000"
"2502","12261 34089 9489 26718 5457"
"2504","30595 34850 13422 212 28018"
"2506","26529 6210 10490 1174 4120"
"2508","18480 35091 15534 30317 11790"
"2512","10466 31360 24143 14174 6196"
"2519","18547 3699 27635 17067 26164"
"2520","25920 23281 2068 29461 31136"
"2521","2270 20477 29308 31526 31141"
"2524","25939 26529 6210 34799 10490"
"2528","21899 8958 13215 25134 30339"
"2543","23468 25978 31952 19573 7520"
"2547","24547 19907 18351 15994 7107"
"2549","29642 18104 9290 35218 35132"
"2551","8398 27083 34975 8912 2033"
"2557","35775 25631 4357 15188 30555"
"2560","25988 10067 18351 15994 34982"
"2561","29355 17383 18200 31556 26605"
"2564","10645 15616 34901 36513 35972"
"2569","6365 13403 7250 2882 4685"
"2570","10460 11487 17570 10903 1882"
"2571","3570 26271 33050 23215 11415"
"2581","19683 5681 30234 13017 16278"
"2582","26621 2623 1397 31341 21495"
"2585","31810 21163 15790 34838 34240"
"2591","22649 26399 6220 17893 840"
"2595","28817 28658 27952 26761 938"
"2597","32526 30986 35632 33913 28532"
"2599","6446 8496 8578 17555 562"
"2602","25298 23709 9373 30245 16163"
"2603","8146 23949 20955 4410 16451"
"2604","29047 531 28472 31180 16426"
"2610","24471 5457 72 14148 15179"
"2617","22210 16940 29556 18810 21127"
"2621","14464 4410 5951 1141 30257"
"2623","4201 19895 32560 28727 29030"
"2624","33498 6588 14148 15179 31709"
"2629","20917 2653 13844 12175 9590"
"2631","31086 17372 35953 12558 6265"
"2633","8509 24768 29592 36215 16451"
"2638","22471 25795 28312 34286 26850"
"2644","24325 22169 24178 20122 20108"
"2645","3800 14647 31078 27248 27263"
"2647","10490 1174 4120 15607 367"
"2648","3242 15489 24415 19527 32557"
"2651","31557 13838 22000 5983 12872"
"2654","9233 33173 9928 25421 1518"
"2655","31106 868 96 29782 22494"
"2658","18351 15994 18306 15127 31046"
"2661","4099 34439 4748 4130 5826"
"2662","23647 31031 4 16826 35563"
"2667","30293 13290 15917 10822 6068"
"2674","25050 18615 26535 10117 15625"
"2675","2068 31136 32447 11296 10103"
"2680","6494 33555 14800 15994 18351"
"2686","6641 30008 37066 14634 15687"
"2690","15207 11237 8772 14115 26338"
"2696","32019 26621 2623 29046 37065"
"2697","23336 16803 33215 16687 34602"
"2699","13020 35473 19462 36953 17719"
"2701","8216 23336 20941 15973 11752"
"2709","11927 30722 1115 4092 22400"
"2712","32105 7467 35344 29790 28196"
"2713","28028 32400 26713 36992 15847"
"2716","16076 19419 3783 10936 24987"
"2718","17420 32565 30977 31557 22000"
"2721","25050 15625 20651 9307 28340"
"2728","12261 34089 15179 17414 21785"
"2729","15236 5866 21796 24070 4739"
"2734","30738 19567 6884 11009 15970"
"2737","15188 28539 5588 24768 17063"
"2743","9059 32914 6589 23967 15845"
"2751","34595 7086 385 1548 35626"
"2762","26621 21495 29046 37065 31341"
"2764","35738 12362 27726 2030 13228"
"2772","12102 2754 35486 8711 8394"
"2775","28246 1267 8155 26722 25783"
"2776","29046 31341 21495 2623 2561"
"2782","11989 16278 4357 7586 36238"
"2784","7247 8772 14115 26338 8211"
"2785","1873 16367 5951 33037 30257"
"2795","27753 17011 18063 10278 13220"
"2800","21884 34685 12028 17082 37132"
"2801","26621 29046 4475 37065 2623"
"2808","12102 21412 8912 34975 27083"
"2812","36372 34940 27938 7332 14740"
"2813","16451 9233 21818 23949 5494"
"2816","30655 26491 6299 9186 35332"
"2823","8759 32674 22104 19127 25920"
"2829","15593 32067 36238 34568 28961"
"2830","21388 31484 8376 17645 876"
"2832","36382 15645 31557 22000 22"
"2835","20917 13844 26398 12175 9590"
"2837","36957 23836 30884 13264 199"
"2839","29364 15994 18351 31700 35885"
"2843","19127 22976 12667 24559 21408"
"2845","25598 35218 26513 10727 26077"
"2850","35738 12362 14372 16278 4357"
"2860","27867 25696 19831 3318 24820"
"2862","7480 25830 25844 199 35378"
"2865","28866 35218 1556 35132 20156"
"2867","11806 32692 10123 31091 23626"
"2869","21858 36063 24978 4966 14063"
"2875","34565 19523 19427 30555 30234"
"2877","36315 17160 8847 35052 26715"
"2880","8912 34975 27083 19156 33214"
"2883","25134 35046 17778 2406 25752"
"2884","21388 31484 8376 5905 24653"
"2886","7232 30130 17991 30558 18160"
"2888","14063 4966 11131 26046 16503"
"2895","32710 14564 72 17414 21785"
"2903","25939 32019 35065 14988 14105"
"2904","26005 28200 17067 9802 10133"
"2908","31924 24783 29413 23104 6623"
"2909","30622 2712 1518 2049 31887"
"2914","23910 818 17352 19576 32611"
"2917","19800 35588 16449 31211 16940"
"2921","4037 36748 2454 22265 6862"
"2926","19144 20719 3282 5482 35715"
"2933","13284 24143 31360 10562 6473"
"2935","10460 1882 11487 36530 17570"
"2951","15743 17383 33475 17648 32019"
"2957","13538 11258 31216 32265 21970"
"2964","963 2496 19391 20859 20356"
"2967","6641 30008 37066 14634 15687"
"2968","19917 25752 5045 20594 17888"
"2978","24354 32077 5321 33120 36674"
"2985","4894 36833 9283 4455 31163"
"2990","23323 29555 20295 4730 29258"
"2993","25598 35218 26513 10727 35132"
"2996","4154 15994 18351 13939 13011"
"2997","35533 1102 11412 36294 18463"
"2998","30839 12222 23580 17597 36663"
"3001","11927 30722 19129 22714 3961"
"3003","33215 27477 33048 17641 6184"
"3014","10490 1174 4120 15607 367"
"3017","33391 15593 6721 17095 29627"
"3019","15016 1102 11412 36294 18463"
"3020","18200 22976 19127 18873 29642"
"3023","15743 17648 32019 1448 20083"
"3028","21614 13833 18948 21486 11836"
"3032","20596 23323 20295 4730 29258"
"3041","31260 21746 16610 10849 34971"
"3043","17782 164 3180 2716 5247"
"3050","32341 14001 19242 26416 11867"
"3056","23833 9682 7178 33613 24372"
"3057","1680 17069 12429 14061 11415"
"3059","31428 12635 35583 15971 12667"
"3064","17524 4885 16452 13985 23938"
"3065","18411 14891 27006 23443 26113"
"3066","33561 4348 19839 20837 13141"
"3069","25424 15361 7967 15289 24519"
"3071","21388 8376 31484 8001 20673"
"3072","18718 27544 1885 31701 7428"
"3073","1518 2049 31887 35218 35132"
"3074","1076 15743 32019 1448 8394"
"3077","28289 28127 35227 35564 20922"
"3082","29413 7167 2783 34691 20330"
"3091","34414 24220 8173 11059 23962"
"3093","4475 33215 33048 31202 6184"
"3095","10723 13861 13929 20049 27163"
"3098","25988 10067 2068 15452 36047"
"3101","9933 8784 9893 17475 23859"
"3104","15973 8216 33266 11752 33215"
"3105","21388 31484 8376 2522 24653"
"3106","8912 34975 27083 7580 7297"
"3107","3007 14055 4405 5430 22355"
"3108","17866 7943 22888 27719 26312"
"3113","22012 15829 2280 36752 34798"
"3118","35046 17778 25134 2406 35065"
"3123","12261 28761 14464 11868 31037"
"3127","15534 26147 28761 11868 12261"
"3133","21388 31484 8376 5419 3494"
"3137","21388 31484 8376 5419 3494"
"3157","8005 29028 4632 28306 34875"
"3163","7584 27790 36319 32768 4619"
"3165","5884 29383 28473 35100 27736"
"3166","21561 20495 13709 385 1548"
"3167","6092 31055 32103 1722 30856"
"3168","21406 17433 18861 1515 4102"
"3173","18351 15994 35513 16891 31046"
"3180","36846 20132 36755 33586 3464"
"3188","9535 14372 36109 13068 18383"
"3189","7923 5834 3273 16452 23938"
"3190","5732 1548 35626 3694 385"
"3191","30739 4547 12896 2509 10700"
"3192","19523 19427 29623 2821 9655"
"3195","35626 3694 385 5732 1548"
"3198","35473 32692 11806 10123 7876"
"3201","25952 2786 24126 25473 27554"
"3202","26582 22649 26399 6220 36387"
"3203","21899 8958 13215 30339 18774"
"3206","9928 30428 2911 28199 30810"
"3212","29019 33214 2144 7689 4895"
"3214","3392 16278 4357 7586 36238"
"3216","13479 22704 29640 29875 36076"
"3218","15743 7230 11758 17648 21062"
"3221","33215 27352 33048 30830 17641"
"3227","8216 20941 15973 21037 11752"
"3229","5457 72 14148 15179 17414"
"3240","14807 538 1402 23341 13763"
"3243","5732 1548 35626 3694 385"
"3244","15198 29544 9939 18337 3376"
"3248","1076 15743 32019 1448 14246"
"3249","5296 36248 12941 32591 14734"
"3250","9922 26462 34509 4215 20937"
"3253","7716 20080 9485 34572 30040"
"3256","31090 18516 16399 19929 32672"
"3260","8647 20301 1067 11168 3964"
"3265","8565 13366 20656 10478 15771"
"3273","24763 7063 22654 4964 1478"
"3279","30360 27761 16818 4922 34980"
"3281","17198 11042 3993 603 11210"
"3287","10160 18383 35458 282 18116"
"3294","29824 12091 32791 12841 2143"
"3296","33407 32988 26070 29935 32829"
"3298","19523 19427 29623 2821 9655"
"3302","17925 3006 27170 31203 31090"
"3304","20828 19112 4885 3273 16452"
"3309","21884 34685 12028 3077 21505"
"3319","4038 17676 29019 33214 7689"
"3320","26718 5457 33538 10465 72"
"3324","34136 14013 16920 18176 15051"
"3325","17658 15263 33443 6707 36868"
"3326","2049 9233 28946 13651 36907"
"3328","26549 32311 18946 25908 34762"
"3330","17207 24471 19242 29046 31341"
"3332","17925 2597 32722 4708 23282"
"3336","6494 33555 14800 18351 15994"
"3350","17756 17011 18063 10278 10016"
"3351","34924 24760 14793 10672 17131"
"3354","31616 14777 23581 36192 33215"
"3358","5619 15183 29777 9854 25663"
"3360","8376 31484 21388 17645 876"
"3361","18301 21082 21858 11984 36063"
"3364","23081 10410 33475 17383 2675"
"3374","21036 3006 16399 31090 19929"
"3376","35626 11917 1245 34272 20136"
"3378","13103 15884 20369 11190 2196"
"3379","17207 19907 33215 10059 33048"
"3387","15207 11237 8772 14115 26338"
"3392","19242 14001 26718 5457 10465"
"3396","16278 5732 4357 7586 36238"
"3402","20083 33387 6322 27499 25988"
"3407","17383 33475 1548 35626 3694"
"3411","21299 25187 5508 11727 26307"
"3413","8877 36811 26407 30071 6769"
"3418","14533 21561 17021 13709 32103"
"3421","8752 24519 1447 6641 30008"
"3422","29219 17782 7086 30008 6641"
"3424","11927 30722 19129 22714 3961"
"3434","33215 10059 21081 33048 17641"
"3435","30764 13211 26064 11125 31646"
"3438","2675 23081 9576 10410 31825"
"3439","11806 32692 10123 258 31091"
"3452","11579 8376 31484 21388 35046"
"3455","21412 6365 7250 13403 2882"
"3459","35378 199 9556 27971 16601"
"3461","17463 4381 21388 31484 8376"
"3464","30091 9489 26718 5457 35470"
"3468","25936 35158 9588 32768 22608"
"3469","31961 25833 10319 33998 29645"
"3474","1448 17648 1076 15743 21037"
"3475","18351 15994 7653 29866 31046"
"3482","27477 29650 11806 32692 10123"
"3487","25134 35046 17778 2406 7624"
"3488","15814 17735 5961 5933 26718"
"3492","29570 7467 9121 32105 35344"
"3496","5474 16278 4357 7586 36238"
"3505","2167 27744 10677 31885 21408"
"3511","2590 33118 20867 35071 30157"
"3513","16004 31484 21388 8376 5419"
"3518","23949 20955 1518 16451 13726"
"3523","15072 18435 8198 23388 30595"
"3525","30168 4374 13572 28280 11648"
"3528","23949 2041 35454 31542 30785"
"3532","6365 7250 13403 2882 13502"
"3540","10490 10606 4120 13041 15607"
"3543","23949 33475 17383 28966 20955"
"3548","14583 12963 4911 14591 8488"
"3550","27083 34975 8912 36235 25529"
"3552","27828 22147 28396 8634 20454"
"3558","29420 15243 6041 927 34158"
"3560","4228 11758 16871 9764 8269"
"3561","20941 18741 5578 33266 7504"
"3563","13594 6666 35692 29931 12308"
"3564","25389 12587 31512 21406 18720"
"3565","16333 30964 13214 32619 6086"
"3572","25925 17512 19705 6017 26713"
"3581","35626 3694 385 5732 1548"
"3582","1677 10755 16782 18269 26459"
"3583","21802 27258 30503 29847 35440"
"3587","17149 23595 16364 7003 516"
"3591","27052 15179 17414 21785 37082"
"3592","19977 29408 12530 2764 8120"
"3596","23738 11531 21796 5866 3437"
"3602","35486 18240 5834 24471 17414"
"3604","33215 2442 9164 5644 19452"
"3611","27930 15194 14605 23267 35202"
"3616","17812 17021 9764 8269 4871"
"3624","29640 19462 11975 36953 32093"
"3626","25300 17656 20585 15747 7794"
"3627","5490 26399 22649 6220 27246"
"3628","7250 2882 6365 13403 15309"
"3634","33838 897 10708 3069 16743"
"3637","8134 10645 34901 15616 36513"
"3644","25988 10067 36533 26191 36047"
"3645","1076 15743 17411 17736 32019"
"3656","32268 24659 28743 14207 22214"
"3662","1518 19683 7520 2049 16059"
"3664","6470 20979 36972 1239 18455"
"3670","27853 11902 17671 1619 31020"
"3673","15719 1102 4069 11412 36294"
"3674","20941 8216 11989 19887 7592"
"3675","14118 20256 6627 36663 3515"
"3676","13651 33173 2049 12211 17168"
"3677","23833 33613 24372 9682 7178"
"3678","25967 3283 33333 9736 20055"
"3679","25992 17426 25795 947 28312"
"3691","5619 15183 29777 19917 25752"
"3692","94 3046 20351 233 16914"
"3693","19683 5681 30234 13017 16278"
"3695","7898 25142 19372 19330 29463"
"3696","19127 25920 5618 11775 13395"
"3697","27650 11727 25187 5508 8141"
"3698","15 85 292 21693 482"
"3699","20917 17540 2653 13844 12175"
"3707","25631 30234 13017 16278 4357"
"3708","35091 30317 18480 15534 18200"
"3712","13531 1102 27082 4069 26844"
"3715","7188 14535 29556 18810 21127"
"3717","15743 17648 32019 1448 20083"
"3721","21388 31484 8376 26024 5905"
"3730","14063 4966 29156 16521 19576"
"3749","17658 15263 33443 9237 6707"
"3753","14151 36268 5324 36908 4893"
"3754","29355 26605 31556 19718 21412"
"3758","35626 3694 385 5732 1548"
"3767","25978 23468 27885 14020 34156"
"3771","17756 10278 26462 9922 3985"
"3774","2049 9233 34762 8563 2678"
"3775","18351 15994 35513 16891 29866"
"3776","32268 25626 25631 24659 28743"
"3781","8146 24547 26147 11868 28761"
"3784","18923 12103 31755 30520 12411"
"3790","33826 16864 15907 4995 17445"
"3798","26718 5457 33538 10465 72"
"3800","2143 9933 22634 29464 14063"
"3801","31212 37038 19912 10102 28819"
"3807","29640 29875 36076 19462 11745"
"3812","13006 24690 29670 33166 2506"
"3819","17463 4381 21388 8376 31484"
"3820","10700 11411 5977 15070 1092"
"3828","24217 31496 1041 11415 11689"
"3830","25939 14988 9290 35218 1556"
"3832","36213 16278 4357 7586 36238"
"3837","4064 1290 18801 31274 7237"
"3840","24309 30300 4275 32444 3472"
"3841","21522 36868 3785 18553 9816"
"3844","2786 24126 25473 27554 24191"
"3846","14738 10466 17925 24143 31360"
"3848","12604 29333 11116 16163 31376"
"3861","19353 27930 15194 14605 23267"
"3864","21495 29046 37065 31341 26621"
"3866","22565 15803 8501 7770 18858"
"3868","4228 11758 14185 16871 30238"
"3869","19977 29408 12530 2764 8120"
"3871","15769 16278 4357 7586 36238"
"3873","24992 19461 1735 26718 5457"
"3875","32616 8842 3762 17627 12359"
"3877","18450 15747 7794 2802 12780"
"3878","22046 17872 4630 5737 36868"
"3880","16766 5618 11775 13395 30379"
"3885","10305 17607 199 35378 11661"
"3886","29355 31556 26605 23580 36663"
"3888","36383 29848 33788 19462 36953"
"3889","4614 9503 8138 6807 8812"
"3892","19396 18351 15994 35726 5425"
"3899","23213 8099 3273 16452 23938"
"3906","20368 30916 21354 8581 13868"
"3910","11758 25938 17782 36889 16871"
"3913","25982 199 25050 35378 36872"
"3916","10542 18641 17786 17301 6820"
"3917","19683 5681 30234 13017 16278"
"3919","34790 16078 32679 23722 10547"
"3923","15743 17648 32019 1448 27952"
"3929","17971 15532 10289 22221 25473"
"3932","14040 6280 22012 14550 20237"
"3936","8752 24519 1447 2196 1118"
"3943","35856 26549 32311 18946 25908"
"3955","1656 11909 4772 3836 20976"
"3969","23323 20295 4730 29258 20466"
"3971","22104 29673 30018 31992 22727"
"3972","33475 17383 8146 30622 30019"
"3974","27248 31078 27263 23 18495"
"3977","12102 21412 36748 4037 2454"
"3979","12102 8394 35626 3694 385"
"3981","18769 11960 9017 26776 10449"
"3983","33407 956 329